{"cameraMode":{"drawMode":0,"name":"Shaded","section":"Shading Mode"},"sceneLighting":true,"audioPlay":false,"sceneViewState":{"m_AlwaysRefresh":false,"showFog":true,"showSkybox":false,"showFlares":true,"showImageEffects":true,"showParticleSystems":true,"showVisualEffectGraphs":true,"m_FxEnabled":true},"in2DMode":false,"pivot":{"x":-1.0508739948272706,"y":0.15667587518692017,"z":2.7538959980010988},"rotation":{"x":0.14951767027378083,"y":-0.5583027601242065,"z":0.10260628908872605,"w":0.8092204928398132},"size":2.1338512897491457,"orthographic":false}