{"cameraMode":{"drawMode":0,"name":"Shaded","section":"Shading Mode"},"sceneLighting":true,"audioPlay":false,"sceneViewState":{"m_AlwaysRefresh":false,"showFog":true,"showSkybox":true,"showFlares":true,"showImageEffects":true,"showParticleSystems":true,"showVisualEffectGraphs":true,"m_FxEnabled":true},"in2DMode":false,"pivot":{"x":61.0319709777832,"y":-222.56243896484376,"z":645.1468505859375},"rotation":{"x":0.15744878351688386,"y":0.04294691979885101,"z":-0.008228432387113572,"w":0.9860379695892334},"size":367.6597595214844,"orthographic":false}