{"cameraMode":{"drawMode":0,"name":"Shaded","section":"Shading Mode"},"sceneLighting":true,"audioPlay":false,"sceneViewState":{"m_AlwaysRefresh":false,"showFog":true,"showSkybox":true,"showFlares":true,"showImageEffects":true,"showParticleSystems":true,"showVisualEffectGraphs":true,"m_FxEnabled":true},"in2DMode":false,"pivot":{"x":3.5695388317108156,"y":6.459027290344238,"z":39.78681182861328},"rotation":{"x":-0.012590712867677212,"y":0.027286536991596223,"z":0.0002868802985176444,"w":0.9991136789321899},"size":50.474754333496097,"orthographic":false}