{"cameraMode":{"drawMode":0,"name":"Shaded","section":"Shading Mode"},"sceneLighting":true,"audioPlay":false,"sceneViewState":{"m_AlwaysRefresh":false,"showFog":true,"showSkybox":false,"showFlares":true,"showImageEffects":true,"showParticleSystems":true,"showVisualEffectGraphs":true,"m_FxEnabled":true},"in2DMode":false,"pivot":{"x":-14.144432067871094,"y":1.5547109842300416,"z":-1.5177526473999024},"rotation":{"x":0.08922827243804932,"y":-0.6782169938087463,"z":0.08326222002506256,"w":0.7240543365478516},"size":0.02656484767794609,"orthographic":false}